Date;JCI;CPI;GDP_Y;FX_USD;FX_JPY;IKK;INFLATION;PPI;INTERBANK;HEALTH;TRANSPORTATION;SPORT;CF;SER;FBP;PC;FOOD;HOUSING;UNEMPLOYMENT;EXPORT;IMPORT;WC_RATES;INV_RATES;Retail_Sales;BI_RATE
31/01/2021;5862.35;105.95;-0.017067;14084;134.82035;84.854273;0.0155;103.070858;0.030396;0.0019;-0.003;0.0005;0.0011;0.0015;0.0033;0.0023;0.0081;0.0003;0.06395;15300.17;13329.9;0.0921;0.0883;181.967363;0.0375
28/02/2021;6241.8;106.06;-0.012233;14229.005;134.2929;85.824723;0.0138;103.156228;0.028014;0.0019;0.003;0.0006;0.0006;0.0036;0.0028;-0.0014;0.0007;0.0004;0.0626;15255.4;13264.97;0.0917;0.0877;177.125176;0.035
31/03/2021;5985.52;106.15;-0.0074;14572;131.66485;93.370638;0.0137;103.241599;0.027938;0.0008;-0.0025;0.0005;0.0002;0.001;0.0017;-0.0039;0.004;0.0004;0.062983;18398.41;16787.51;0.0906;0.0873;187.873829;0.035
30/04/2021;5995.62;106.29;0.018633;14468;132.7644;101.479021;0.0142;103.333941;0.027933;0.0018;0;0.002;0.0019;0.0026;0.0021;0.0029;0.002;0.0007;0.063367;18474.13;16204.34;0.0903;0.0868;220.406968;0.035
31/05/2021;5947.46;106.63;0.044667;14310;130.25085;104.432515;0.0168;103.426284;0.027939;0.0007;0.0071;0.0012;0.0052;0.0027;0.0044;0.0059;0.0038;0.0003;0.06375;16908.02;14234.82;0.0896;0.0864;227.512629;0.035
30/06/2021;6007.12;106.46;0.0707;14496;131.0551;107.358217;0.0133;103.518626;0.027999;0.0003;-0.0035;0.0023;-0.0012;0.0017;0.0024;0.0035;-0.0071;0.0007;0.064133;18547.74;17218.46;0.0896;0.087;198.498018;0.035
31/07/2021;6070.04;106.54;0.058833;14491.005;131.9404;80.197409;0.0152;103.60914;0.028157;0.0024;-0.0001;0.0005;0.0008;0.0011;0.0005;-0.0007;0.0015;0.0005;0.064517;19369.6;15217.82;0.0894;0.0863;188.482538;0.035
31/08/2021;6150.3;106.57;0.046967;14374;130.8691;77.313178;0.0159;103.699655;0.027879;0.0032;-0.0005;-0.0007;-0.0007;0.0027;0.001;0.0015;-0.0032;0.0005;0.0649;21443.15;16678.89;0.0887;0.0858;192.460203;0.035
30/09/2021;6286.94;106.53;0.0351;14307.005;128.51565;95.465344;0.016;103.790169;0.027951;0.0012;0.0007;0.0011;0.0027;0.002;0.0025;0.0004;-0.0047;0.0008;0.0638;20618.79;16234.15;0.0881;0.0854;189.49343;0.035
31/10/2021;6591.35;106.66;0.040133;14199.005;124.9693;113.385348;0.0166;103.931002;0.027974;0.0006;0.0033;0.0004;0.0015;0.0013;0.0012;0.0002;0.001;0.0008;0.0627;22090.98;16293.62;0.0875;0.0852;195.463697;0.035
30/11/2021;6533.93;107.05;0.045167;14340;126.53325;118.531632;0.0175;104.071835;0.027906;0.0001;0.0051;0.0018;0.0009;0.0035;0.0022;0.0037;0.0084;0.0014;0.0616;22845.36;19328.19;0.0872;0.0844;200.976009;0.035
31/12/2021;6581.48;107.66;0.0502;14269.005;123.8898;118.339751;0.0187;104.212669;0.027826;0.0016;0.0062;0.001;0.0022;0.0024;0.0024;0.0025;0.0161;0.001;0.0605;22357.72;21352.02;0.0859;0.0835;216.278017;0.035
31/01/2022;6631.15;108.26;0.050167;14381.005;124.47315;119.604422;0.0218;104.430254;0.027874;0.0024;0.0002;0.0041;0.0043;0.0079;0.0036;0.0062;0.0117;0.0051;0.0594;19173.7;18211.1;0.0866;0.0836;209.556328;0.035
28/02/2022;6888.17;108.24;0.050133;14371.005;125.33045;113.129737;0.0206;104.647838;0.027933;0.0033;0.0007;0.0034;0.0009;0.0045;0.0053;0.006;0.0084;0.0025;0.0583;20472.89;16638.51;0.0862;0.0838;200.031448;0.035
31/03/2022;7071.44;108.95;0.0501;14321.005;121.54475;110.991576;0.0264;104.865423;0.027897;0.0028;0.0042;0.0017;0.0017;0.005;0.0032;0.0114;0.0147;0.005;0.05835;26497.48;21962.42;0.0859;0.0832;205.322037;0.035
30/04/2022;7228.91;109.98;0.051533;14418;112.6803;113.067957;0.0347;104.988261;0.034944;0.0031;0.0242;0.002;-0.0001;0.0066;0.0055;0.0075;0.0176;0.0028;0.0584;27322.28;19757.45;0.0849;0.0829;239.244276;0.035
31/05/2022;7148.97;110.42;0.052967;14544;114.2454;128.937808;0.0355;105.1111;0.027906;0.0019;0.0065;0.003;-0.002;0.0043;0.0054;0.0032;0.0078;0.001;0.05845;21509.83;18609.29;0.0848;0.0825;234.125406;0.035
30/06/2022;6911.58;111.09;0.0544;14848;109.0363;128.160514;0.0435;105.233938;0.027958;0.0017;0.003;0.0012;0.16;0.0053;0.0033;0.0016;0.0177;0.001;0.0585;26150.12;21003.85;0.084;0.0816;206.611604;0.035
31/07/2022;6951.12;111.8;0.055333;14958;110.33825;123.204686;0.0494;105.423173;0.027986;0.0008;0.0113;0.0033;0.0023;0.0025;0.0034;0.0027;0.0116;0.0047;0.05855;25563.2;21345.03;0.0842;0.0813;200.156451;0.035
31/08/2022;7159.47;111.57;0.056267;14875.005;107.4434;124.717179;0.0469;105.612409;0.031339;0.0011;-0.0008;0.0021;0.0002;0.0025;0.0033;0.0029;-0.018;0.0025;0.0586;27862.09;22150.55;0.0842;0.0815;201.817153;0.0375
30/09/2022;7040.8;112.87;0.0572;15247;105.35885;117.201816;0.0595;105.801645;0.038419;0.0057;0.0888;0.0031;0.002;0.0035;0.0057;0.0028;-0.003;0.0016;0.057917;24777.18;19808.34;0.0846;0.0818;198.13709;0.0425
31/10/2022;7098.89;112.75;0.054833;15542;105.64525;120.29582;0.0571;105.966789;0.042526;0.0021;0.0035;0.0016;0.0009;0.0018;0.003;0.0024;-0.0097;0.0018;0.057233;24728.44;19135.35;0.0858;0.0826;202.707268;0.0475
30/11/2022;7081.313;112.85;0.052467;15737;113.92485;119.06362;0.0542;106.131933;0.04807;0.002;0.0001;0.0022;0.0012;0.0023;0.001;0.0044;0;0.0007;0.05655;24094.04;18962.09;0.086;0.0834;203.534692;0.0525
31/12/2022;6850.62;113.59;0.0501;15731;117.56665;119.873672;0.0551;106.297077;0.050241;0.0014;0.0045;0.0023;0.0009;0.0015;0.0014;0.0066;0.0157;0.0063;0.055867;23827.85804;19863.0615;0.086;0.0851;217.755901;0.055
31/01/2023;6839.342;113.98;0.050167;14979;115.4763;123.002371;0.0528;106.447117;0.053918;0.004;-0.0115;0.0025;0.001;0.0024;0.0033;0.0084;0.0116;0.0035;0.055183;22323.84385;18442.93363;0.0875;0.0862;208.221733;0.0575
28/02/2023;6843.24;114.16;0.050233;15274;112.23875;122.419658;0.0547;106.597157;0.056198;0.0023;-0.0022;0.0007;0.002;0.0019;0.0017;0.0011;0.0048;0.0006;0.0545;21321.2755;15919.16818;0.0889;0.0872;201.178648;0.0575
31/03/2023;6805.28;114.36;0.0503;15062;113.7056;123.309933;0.0497;106.747197;0.056188;0;0.0054;0.0011;0.0017;0.0021;0.0024;0.0028;0.0035;-0.0026;0.054283;23415.99373;20588.05291;0.0895;0.088;215.33382;0.0575
30/04/2023;6915.72;114.74;0.050767;14751;110.2425;126.05322;0.0433;106.918131;0.057102;0.0026;0.0084;0.0005;0.0061;0.0023;0.0034;0.0068;0.0034;0.0023;0.054067;19284.07512;15347.61031;0.0892;0.0884;242.91884;0.0575
31/05/2023;6633.26;114.84;0.051233;14969;106.7271;128.33926;0.04;107.089066;0.056265;0.0011;-0.0056;0.001;-0.0046;0.002;0.0015;0.0014;0.0048;0.0005;0.05385;21706.83352;21279.5947;0.0893;0.0885;223.510482;0.0575
30/06/2023;6661.88;115;0.0517;15026;104.9192;127.127237;0.0352;107.26;0.059139;0.0023;-0.001;0.0012;0.0008;0.0008;0.0022;-0.0004;0.0039;0.001;0.053633;20601.31499;17150.49104;0.0893;0.0882;222.922512;0.0575
31/07/2023;6931.36;115.24;0.050933;15083;107.90915;123.498245;0.0308;107.464221;0.056926;0.0019;0.0058;0.0017;0.0028;0.0005;0.0015;-0.0001;0.0022;0.0002;0.053417;20862.22602;19570.34113;0.0895;0.0884;203.338062;0.0575
31/08/2023;6953.26;115.22;0.050167;15239;104.1022;125.248897;0.0327;107.668442;0.055676;0.001;-0.0002;0.0007;-0.0027;0.001;0.0014;0.0008;-0.0025;-0.0005;0.0532;21997.97991;18879.82641;0.0896;0.0883;204.07191;0.0575
30/09/2023;6939.89;115.44;0.0494;15526;104.1979;121.706987;0.0228;107.872663;0.056285;0.0003;0.0029;0.0001;0.0006;0.001;0.001;0.0019;0.0035;0.0002;0.0524;20746.54575;17341.60877;0.0902;0.0882;201.059671;0.0575
31/10/2023;6752.21;115.64;0.049733;15916;106.4509;124.287166;0.0256;107.964244;0.058474;0.0011;0.0055;0.0008;-0.0004;0.001;0.001;0.0023;0.002;0.0008;0.0515;22146.71209;18672.91013;0.0905;0.0882;207.541336;0.06
30/11/2023;7080.74;116.08;0.050067;15384;104.42225;123.584875;0.0286;108.055824;0.059256;0.0021;0.0007;0.001;-0.0004;-0.0003;0.0007;0.0053;0.0123;0.0004;0.0507;21998.24525;19586.54686;0.0891;0.0882;207.873046;0.06
31/12/2023;7272.8;116.56;0.0504;15416;109.54705;123.772689;0.0261;108.147405;0.058837;0.0004;0.0045;0.0054;0.0018;0.001;0.0003;0.0046;0.0107;0.0001;0.0499;22392.1;19106.7;0.0886;0.0881;218.147544;0.06
31/01/2024;7207.94;105.19;0.0506;15796;107.22605;125.049661;0.0257;108.351842;0.05807;0.0049;-0.0087;0.0026;0.0002;0.0004;0.0031;0.0037;0.0018;0.0014;0.049;20493.1;18494.5;0.0887;0.0884;210.476608;0.06
29/02/2024;7316.11;105.58;0.0509;15673;103.9634;123.111581;0.0275;108.556278;0.057904;0.0022;0.0017;0.0009;0.0007;0.0012;0.0017;0.0021;0.01;0.0006;0.0482;19272.9;18440.2;0.088443;0.088579;214.139666;0.06
31/03/2024;7288.81;106.13;0.0511;15853;104.50575;123.819911;0.0305;108.760715;0.059062;0.0021;0.0004;0.0001;0.0022;0.0008;0.0033;0.007;0.0142;0.0002;0.04835;22537.7;17961.1;0.088275;0.088454;235.390615;0.06
30/04/2024;7234.2;106.4;0.0509;16249;104.45155;127.695535;0.03;108.889335;0.060726;0.0007;0.0093;0.0007;0.0046;0.0016;0.0031;0.0133;-0.0003;0.0001;0.0485;19614.9;16895.6;0.088475;0.088465;236.291109;0.0625
31/05/2024;6970.74;106.37;0.0507;16253;103.5322;125.223614;0.0284;109.017956;0.061068;0.0004;-0.0036;0.001;-0.0004;0.0005;0.0026;0.0087;-0.0029;0.0008;0.04865;22325.5;19399.5;0.0886;0.0885;228.112725;0.0625
30/06/2024;7063.58;106.28;0.0505;16421;102.2765;123.338456;0.0251;109.146577;0.061519;0.0005;0.0011;0.0009;0.0002;0.0021;0.0009;0.0027;-0.0049;0.0004;0.0488;20845.1;18450.3;0.088233;0.088594;228.982235;0.0625
31/07/2024;7255.76;106.09;0.050167;16320;105.40255;123.420788;0.0213;109.245942;0.062392;0.0008;0.0003;0.0004;0.0011;0.0012;0.0016;0.0035;-0.0097;0.0005;0.04895;22237.3;21737.6;0.088061;0.088233;212.41125;0.0625
31/08/2024;7670.73;106.06;0.049833;15409;106.493;124.443743;0.0212;109.345307;0.063509;0.0007;0.0022;0.0005;0.0009;0.0004;0.0011;0.005;-0.0052;0.0003;0.0491;23440.3;18824.6;0.0887;0.0881;215.932075;0.0625
30/09/2024;7527.929;105.93;0.0495;15138;105.6644;123.527115;0.0184;109.444672;0.061704;0.0004;-0.0016;0.0005;0.0005;0.0012;0.0013;0.0038;-0.0059;0.0004;0.0489;22055.53;21938.3;0.0887;0.0875;210.612951;0.06
31/10/2024;7574.02;106.01;0.049733;15732;102.5989;121.118599;0.0171;109.512383;0.059786;0.0015;-0.0052;0.0005;0.0005;0.0006;0.0025;0.0094;0.0009;0.0008;0.0486;24421.56;21938.26;0.0872;0.0871;211.467082;0.06
30/11/2024;7114.27;106.33;0.049967;15864;104.5301;125.862435;0.0155;109.580094;0.061614;0.0014;0.001;0.0005;0.0001;0.0003;0.0017;0.0065;0.0078;0.0004;0.0484;23998.17;19631.66;0.0868;0.0869;209.668719;0.06
31/12/2024;7079.9;106.8;0.0502;16162;102.36245;127.702898;0.0157;109.647806;0.061803;0.0035;0.0004;0.0086;0.0011;0.0003;0.0017;0.0026;0.0133;0.0001;0.0481;23461.38;21221.23;0.0862;0.0871;221.996247;0.06
31/01/2025;7109.2;105.99;0.0497;16259;105.2363;127.169507;0.0076;109.740398;0.058327;0.004;0.0018;0.002;0.001;0.0013;0.003;0.0006;0.0194;-0.0916;0.0479;21452;17935.92;0.0862;0.0866;218.485951;0.0575
28/02/2025;6270.6;105.48;0.0492;16430.995;110.07575;126.437395;-0.0009;109.83299;0.0583;0.0017;0.0036;0.0011;0.0001;0;0.0017;0.0129;-0.004;-0.0359;0.0476;21944.18;18849;0.0867;0.0862;211.542407;0.0575
31/03/2025;6510.62;107.22;0.0487;16588;110.29625;121.132845;0.0103;109.925582;0.0668;0.0022;-0.0008;0.0004;0.0045;0.0001;0.0012;0.0095;0.0124;0.0845;0.0474;23247.26;18919.98;0.0866;0.0858;218.485951;0.0575
30/04/2025;6766.8;108.47;0.0495;16787;117.89455;121.72779;0.0195;109.992323;0.0589;0.002;-0.0001;0.0014;-0.0004;0.0009;0.0019;0.0246;0.0007;0.066;0.0471;20743.85;20585.01;0.0866;0.0856;248.277623;0.0575
31/05/2025;7175.82;108.07;0.0504;16255;113.0822;117.49513;0.016;110.059064;0.0588;0;-0.0007;0.0009;0.0003;-0.0004;0.0009;0.0023;-0.014;0.0002;0.0469;24613.8;20312.3;0.0866;0.0885;232.449775;0.055
30/06/2025;6927.68;108.27;0.0512;16233;112.67835;117.801642;0.0187;110.125805;0.0528;0.0009;0.0007;0.0009;0.0005;-0.0001;0.0007;0.0033;0.0046;0.0009;0.0466;23436.46;19332.95;0.0859;0.0849;231.895378;0.055
31/07/2025;7484.34;108.6;0.050933;16387.005;110.6744;118.09725;0.0237;110.205516;0.0477;0.0017;0;0.001;0.001;0.0007;0.0007;0.0007;0.0074;0.0011;0.0485;24748.86;20575.41;0.0858;0.0845;222.318061;0.0525
31/08/2025;7830.49;108.51;0.050667;16356;111.12555;117.158383;0.0231;110.285226;0.0468;0.0005;-0.0019;0.0009;-0.001;-0.0006;0.0001;0.0018;-0.0029;0.0003;0.0485;24963.17;19475.24;0.08551;0.084178;223.579718;0.05
30/09/2025;8061.06;108.74;0.0504;16680;112.26285;114.95848;0.0265;110.364936;0.0398;0.0013;-0.0002;0.0002;0.0003;-0.0001;0.0008;0.0124;0.0038;0.0003;0.04865;24679.13;20335.26;0.084553;0.0825;222.913943;0.0475
31/10/2025;8163.88;109.04;0.050333;16640;108.47105;121.216;0.0286;110.444646;0.039994;0.0025;0.001;0.0016;0;-0.0001;0.0006;0.0305;0.0008;0.0003;0.0488;24236.34;21843.13;0.827;0.0832;219.709718;0.0475
30/11/2025;8508.71;109.22;0.050267;16644;106.6138;124.027;0.0272;110.524357;0.04158;0.0012;0.0034;0.0002;0.0003;0.0003;0.0006;0.0121;0.0006;0.0002;0.04895;24065.5;22265.7;0.0821;0.0822;216.92632;0.0475
31/12/2025;8646.94;109.33;0.0498;16782;107.59075;123.2951;0.0292;110.604067;0.0413;0.0009;0.0055;0.001;0;0;0.0013;0.01;0.0166;0.0006;0.0491;26346.81;23834.05;0.0804;0.0806;231.7472386;0.0475
31/01/2026;8320.56;109.75;0.0496;16786;109.487;126.3501196;0.0301;110.6837773;0.0385409;0.0008;0.0074;0.0013;-0.0001;0;0.0015;0.0092;0.0209;0.0007;0.04925;26902.70333;25000.31333;0.079015667;0.079966667;236.2279071;0.0475
